Feature ID	Taxon
OTU_1	k__Bacteria; p__Pseudomonadota; c__Gammaproteobacteria; o__Enterobacterales; f__Enterobacteriaceae; g__Escherichia-Shigella; s__Shigella_sonnei
OTU_2	k__Bacteria; p__Bacillota; c__Negativicutes; o__Veillonellales-Selenomonadales; f__Selenomonadaceae; g__Megamonas; s__
OTU_3	k__Bacteria; p__Bacillota; c__Bacilli; o__Erysipelotrichales; f__Erysipelatoclostridiaceae; g__Catenibacterium; s__
OTU_4	k__Bacteria; p__Pseudomonadota; c__Gammaproteobacteria; o__Enterobacterales; f__Enterobacteriaceae; g__Klebsiella; s__Klebsiella_pneumoniae
OTU_5	k__Bacteria; p__Pseudomonadota; c__Gammaproteobacteria; o__Enterobacterales; f__Enterobacteriaceae; g__Citrobacter; s__Citrobacter_braakii
OTU_6	k__Bacteria; p__Bacillota; c__Bacilli; o__Lactobacillales; f__Enterococcaceae; g__Enterococcus; s__Enterococcus_faecalis
OTU_7	k__Bacteria; p__Bacillota; c__Negativicutes; o__Veillonellales-Selenomonadales; f__Veillonellaceae; g__Dialister; s__
OTU_8	k__Bacteria; p__Bacteroidota; c__Bacteroidia; o__Bacteroidales; f__Bacteroidaceae; g__Bacteroides; s__
OTU_9	k__Bacteria; p__Bacteroidota; c__Bacteroidia; o__Bacteroidales; f__Bacteroidaceae; g__Bacteroides; s__
OTU_10	k__Bacteria; p__Bacteroidota; c__Bacteroidia; o__Bacteroidales; f__Bacteroidaceae; g__Bacteroides; s__
OTU_11	k__Bacteria; p__Bacillota; c__Bacilli; o__Erysipelotrichales; f__Erysipelotrichaceae; g__Turicibacter; s__
OTU_12	k__Bacteria; p__Thermodesulfobacteriota; c__Desulfovibrionia; o__Desulfovibrionales; f__Desulfovibrionaceae; g__Desulfovibrio; s__
OTU_13	k__Bacteria; p__Bacteroidota; c__Bacteroidia; o__Bacteroidales; f__Rikenellaceae; g__Alistipes; s__
OTU_14	k__Bacteria; p__Bacillota; c__Clostridia; o__Peptococcales; f__Peptococcaceae; g__Peptococcus; s__
OTU_15	k__Bacteria; p__Pseudomonadota; c__Gammaproteobacteria; o__Burkholderiales; f__Sutterellaceae; g__Sutterella; s__
OTU_16	k__Bacteria; p__Bacillota; c__Bacilli; o__Lactobacillales; f__Streptococcaceae; g__Streptococcus; s__Streptococcus_anginosus
OTU_17	k__Bacteria; p__Actinomycetota; c__Actinobacteria; o__Bifidobacteriales; f__Bifidobacteriaceae; g__Bifidobacterium; s__Bifidobacterium_catenulatum_subsp._kashiwanohense
OTU_18	k__Bacteria; p__Bacillota; c__Bacilli; o__Erysipelotrichales; f__Erysipelatoclostridiaceae; g__Erysipelotrichaceae_UCG-003; s__
OTU_19	k__Bacteria; p__Bacillota; c__Bacilli; o__Lactobacillales; f__Streptococcaceae; g__Streptococcus; s__
OTU_20	k__Bacteria; p__Bacillota; c__Bacilli; o__Erysipelotrichales; f__Erysipelotrichaceae; g__Holdemanella; s__
OTU_21	k__Bacteria; p__Bacillota; c__Bacilli; o__Lactobacillales; f__Streptococcaceae; g__Streptococcus; s__Streptococcus_sp.
OTU_22	k__Bacteria; p__Bacillota; c__Bacilli; o__Bacillales; f__Bacillaceae; g__Bacillus; s__Bacillus_cereus
OTU_23	k__Bacteria; p__Actinomycetota; c__Actinobacteria; o__Bifidobacteriales; f__Bifidobacteriaceae; g__Bifidobacterium; s__
OTU_24	k__Bacteria; p__Bacteroidota; c__Bacteroidia; o__Bacteroidales; f__Bacteroidaceae; g__Bacteroides; s__
OTU_25	k__Bacteria; p__Bacteroidota; c__Bacteroidia; o__Bacteroidales; f__Tannerellaceae; g__Parabacteroides; s__
OTU_26	k__Bacteria; p__Pseudomonadota; c__Gammaproteobacteria; o__Burkholderiales; f__Sutterellaceae; g__Parasutterella; s__
OTU_27	k__Bacteria; p__Bacteroidota; c__Bacteroidia; o__Bacteroidales; f__Tannerellaceae; g__Parabacteroides; s__Parabacteroides_merdae
OTU_28	k__Bacteria; p__Actinomycetota; c__Actinobacteria; o__Bifidobacteriales; f__Bifidobacteriaceae; g__Bifidobacterium; s__Bifidobacterium_bifidum
OTU_29	k__Bacteria; p__Bacteroidota; c__Bacteroidia; o__Bacteroidales; f__Marinifilaceae; g__Butyricimonas; s__
OTU_30	k__Bacteria; p__Pseudomonadota; c__Gammaproteobacteria; o__Burkholderiales; f__Sutterellaceae; g__Sutterella; s__Sutterellaceae_bacterium_Marseille-P2968
OTU_31	k__Bacteria; p__Bacillota; c__Negativicutes; o__Veillonellales-Selenomonadales; f__Veillonellaceae; g__Dialister; s__Dialister_sp._Marseille-P5638
OTU_32	k__Bacteria; p__Bacteroidota; c__Bacteroidia; o__Bacteroidales; f__Tannerellaceae; g__Parabacteroides; s__Parabacteroides_goldsteinii
OTU_33	k__Bacteria; p__Bacillota; c__Negativicutes; o__Acidaminococcales; f__Acidaminococcaceae; g__Phascolarctobacterium; s__gut_metagenome
OTU_34	k__Bacteria; p__Bacillota; c__Bacilli; o__Lactobacillales; f__Lactobacillaceae; g__Ligilactobacillus; s__
OTU_35	k__Bacteria; p__Thermodesulfobacteriota; c__Desulfovibrionia; o__Desulfovibrionales; f__Desulfovibrionaceae; g__Bilophila; s__uncultured_delta_proteobacterium
OTU_36	k__Bacteria; p__Bacteroidota; c__Bacteroidia; o__Bacteroidales; f__Rikenellaceae; g__Alistipes; s__
OTU_37	k__Bacteria; p__Bacteroidota; c__Bacteroidia; o__Bacteroidales; f__Bacteroidaceae; g__Bacteroides; s__
OTU_38	k__Bacteria; p__Bacteroidota; c__Bacteroidia; o__Bacteroidales; f__Bacteroidaceae; g__Bacteroides; s__
OTU_39	k__Bacteria; p__Pseudomonadota; c__Gammaproteobacteria; o__Burkholderiales; f__Sutterellaceae; g__Sutterella; s__
OTU_40	k__Bacteria; p__Bacillota; c__Bacilli; o__Lactobacillales; f__Lactobacillaceae; g__Lacticaseibacillus; s__Lactobacillus_rhamnosus_ATCC_21052
OTU_41	k__Bacteria; p__Pseudomonadota; c__Gammaproteobacteria; o__Burkholderiales; f__Sutterellaceae; g__Sutterella; s__
OTU_42	k__Bacteria; p__Bacillota; c__Bacilli; o__Lactobacillales; f__Lactobacillaceae; g__Lactobacillus; s__Lactobacillus_acidophilus
OTU_43	k__Bacteria; p__Bacillota; c__Negativicutes; o__Veillonellales-Selenomonadales; f__Veillonellaceae; g__Megasphaera; s__
OTU_44	k__Bacteria; p__Bacillota; c__Bacilli; o__Lactobacillales; f__Streptococcaceae; g__Lactococcus; s__Lactococcus_lactis
OTU_45	k__Bacteria; p__Bacillota; c__Negativicutes; o__Acidaminococcales; f__Acidaminococcaceae; g__Acidaminococcus; s__
OTU_46	k__Bacteria; p__Pseudomonadota; c__Gammaproteobacteria; o__Burkholderiales; f__Sutterellaceae; g__Parasutterella; s__
OTU_47	k__Bacteria; p__Bacillota; c__Bacilli; o__Lactobacillales; f__Lactobacillaceae; g__Leuconostoc; s__Leuconostoc_lactis
OTU_48	k__Bacteria; p__Pseudomonadota; c__Gammaproteobacteria; o__Burkholderiales; f__Sutterellaceae; g__Sutterella; s__
OTU_49	k__Bacteria; p__Bacillota; c__Bacilli; o__Lactobacillales; f__Aerococcaceae; g__Aerococcus; s__
OTU_50	k__Bacteria; p__Bacillota; c__Bacilli; o__Lactobacillales; f__Streptococcaceae; g__Streptococcus; s__Streptococcus_sobrinus
OTU_51	k__Bacteria; p__Bacteroidota; c__Bacteroidia; o__Bacteroidales; f__Rikenellaceae; g__Alistipes; s__
OTU_52	k__Bacteria; p__Bacillota; c__Bacilli; o__Erysipelotrichales; f__Erysipelotrichaceae; g__Faecalitalea; s__Faecalitalea_cylindroides
OTU_53	k__Bacteria; p__Fusobacteriota; c__Fusobacteriia; o__Fusobacteriales; f__Fusobacteriaceae; g__Fusobacterium; s__
OTU_54	k__Bacteria; p__Bacteroidota; c__Bacteroidia; o__Bacteroidales; f__Bacteroidaceae; g__Bacteroides; s__
OTU_55	k__Bacteria; p__Bacillota; c__Clostridia; o__Peptostreptococcales-Tissierellales; f__Anaerovoracaceae; g__[Eubacterium]_brachy_group; s__
OTU_56	k__Bacteria; p__Bacillota; c__Clostridia; o__Oscillospirales; f__Oscillospiraceae; g__UCG-002; s__
OTU_57	k__Bacteria; p__Bacillota; c__Clostridia; o__Lachnospirales; f__Lachnospiraceae; g__Incertae_Sedis; s__
OTU_58	k__Bacteria; p__Bacteroidota; c__Bacteroidia; o__Bacteroidales; f__Rikenellaceae; g__Alistipes; s__
OTU_59	k__Bacteria; p__Actinomycetota; c__Coriobacteriia; o__Coriobacteriales; f__Coriobacteriaceae; g__Collinsella; s__
OTU_60	k__Bacteria; p__Bacillota; c__Clostridia; o__Clostridiales; f__Clostridiaceae; g__Clostridium; s__
OTU_61	k__Bacteria; p__Verrucomicrobiota; c__Verrucomicrobiia; o__Verrucomicrobiales; f__Akkermansiaceae; g__Akkermansia; s__
OTU_62	k__Bacteria; p__Bacillota; c__Clostridia; o__Oscillospirales; f__Ruminococcaceae; g__Ruminococcus; s__
OTU_63	k__Bacteria; p__Bacillota; c__Clostridia; o__Lachnospirales; f__Lachnospiraceae; g__Coprococcus; s__
OTU_64	k__Bacteria; p__Bacillota; c__Clostridia; o__Lachnospirales; f__Lachnospiraceae; g__Anaerobutyricum; s__
OTU_65	k__Bacteria; p__Bacillota; c__Clostridia; o__Oscillospirales; f__Ruminococcaceae; g__Faecalibacterium; s__
OTU_66	k__Bacteria; p__Bacillota; c__Clostridia; o__Lachnospirales; f__Lachnospiraceae; g__Blautia; s__
OTU_67	k__Bacteria; p__Bacillota; c__Clostridia; o__Lachnospirales; f__Lachnospiraceae; g__Lachnospiraceae_UCG-008; s__
OTU_68	k__Bacteria; p__Bacillota; c__Clostridia; o__Lachnospirales; f__Lachnospiraceae; g__Mediterraneibacter; s__
OTU_69	k__Bacteria; p__Bacillota; c__Clostridia; o__Peptostreptococcales-Tissierellales; f__Peptostreptococcaceae; g__Intestinibacter; s__
OTU_70	k__Bacteria; p__Bacteroidota; c__Bacteroidia; o__Bacteroidales; f__Rikenellaceae; g__Alistipes; s__
OTU_71	k__Bacteria; p__Bacteroidota; c__Bacteroidia; o__Bacteroidales; f__Bacteroidaceae; g__Bacteroides; s__
OTU_72	k__Bacteria; p__Bacillota; c__Clostridia; o__Christensenellales; f__Christensenellaceae; g__Christensenellaceae_R-7_group; s__
OTU_73	k__Bacteria; p__Bacteroidota; c__Bacteroidia; o__Bacteroidales; f__Bacteroidaceae; g__Bacteroides; s__
OTU_74	k__Bacteria; p__Actinomycetota; c__Coriobacteriia; o__Coriobacteriales; f__Eggerthellaceae; g__CHKCI002; s__
OTU_75	k__Bacteria; p__Bacteroidota; c__Bacteroidia; o__Bacteroidales; f__Bacteroidaceae; g__Bacteroides; s__
OTU_76	k__Bacteria; p__Bacteroidota; c__Bacteroidia; o__Bacteroidales; f__Rikenellaceae; g__Alistipes; s__Alistipes_inops
OTU_77	k__Bacteria; p__Bacteroidota; c__Bacteroidia; o__Bacteroidales; f__Rikenellaceae; g__Alistipes; s__Alistipes_sp._N15.MGS-157
OTU_78	k__Bacteria; p__Bacillota; c__Clostridia; o__Lachnospirales; f__Lachnospiraceae; g__Incertae_Sedis; s__
OTU_79	k__Bacteria; p__Bacillota; c__Clostridia; o__Peptostreptococcales-Tissierellales; f__Peptostreptococcaceae; g__Incertae_Sedis; s__
OTU_80	k__Bacteria; p__Bacteroidota; c__Bacteroidia; o__Bacteroidales; f__Rikenellaceae; g__Alistipes; s__Bacteroides_sp._DSM_12148
OTU_81	k__Bacteria; p__Bacteroidota; c__Bacteroidia; o__Bacteroidales; f__Barnesiellaceae; g__Barnesiella; s__
OTU_82	k__Bacteria; p__Bacteroidota; c__Bacteroidia; o__Bacteroidales; f__Tannerellaceae; g__Parabacteroides; s__Parabacteroides_sp.
OTU_83	k__Bacteria; p__Bacillota; c__Clostridia; o__Clostridiales; f__Clostridiaceae; g__Clostridium; s__
OTU_84	k__Bacteria; p__Bacillota; c__Clostridia; o__Lachnospirales; f__Lachnospiraceae; g__Dorea; s__
OTU_85	k__Bacteria; p__Bacteroidota; c__Bacteroidia; o__Bacteroidales; f__Marinifilaceae; g__Butyricimonas; s__
OTU_86	k__Bacteria; p__Bacteroidota; c__Bacteroidia; o__Bacteroidales; f__Marinifilaceae; g__Butyricimonas; s__Butyricimonas_virosa
OTU_87	k__Bacteria; p__Bacteroidota; c__Bacteroidia; o__Bacteroidales; f__Marinifilaceae; g__Odoribacter; s__Odoribacter_splanchnicus
OTU_88	k__Bacteria; p__Bacteroidota; c__Bacteroidia; o__Bacteroidales; f__Marinifilaceae; g__Butyricimonas; s__
OTU_89	k__Bacteria; p__Bacteroidota; c__Bacteroidia; o__Bacteroidales; f__Marinifilaceae; g__Odoribacter; s__Odoribacter_sp._Marseille-P2698
OTU_90	k__Bacteria; p__Actinomycetota; c__Actinobacteria; o__Actinomycetales; f__Actinomycetaceae; g__Schaalia; s__
OTU_91	k__Bacteria; p__Actinomycetota; c__Actinobacteria; o__Bifidobacteriales; f__Bifidobacteriaceae; g__Bifidobacterium; s__Bifidobacterium_animalis_subsp._lactis_BB-12
OTU_92	k__Bacteria; p__Actinomycetota; c__Actinobacteria; o__Bifidobacteriales; f__Bifidobacteriaceae; g__Bifidobacterium; s__
OTU_93	k__Bacteria; p__Bacillota; c__Clostridia; o__Oscillospirales; f__Butyricicoccaceae; g__Agathobaculum; s__
OTU_94	k__Bacteria; p__Bacillota; c__Clostridia; o__Christensenellales; f__Christensenellaceae; g__Christensenellaceae_R-7_group; s__
OTU_95	k__Bacteria; p__Bacillota; c__Clostridia; o__Eubacteriales; f__Eubacteriaceae; g__Eubacterium; s__bacterium_NLAE-zl-P455
OTU_96	k__Bacteria; p__Bacillota; c__Clostridia; o__Lachnospirales; f__Lachnospiraceae; g__[Eubacterium]_eligens_group; s__
OTU_97	k__Bacteria; p__Actinomycetota; c__Coriobacteriia; o__Coriobacteriales; f__Eggerthellaceae; g__Eggerthella; s__
OTU_98	k__Bacteria; p__Bacillota; c__Clostridia; o__Oscillospirales; f__Oscillospiraceae; g__Flavonifractor; s__
OTU_99	k__Bacteria; p__Bacillota; c__Clostridia; o__Lachnospirales; f__Lachnospiraceae; g__Lachnoclostridium; s__
OTU_100	k__Bacteria; p__Bacillota; c__Clostridia; o__Oscillospirales; f__Ruminococcaceae; g__Incertae_Sedis; s__
OTU_101	k__Bacteria; p__Bacillota; c__Clostridia; o__Lachnospirales; f__Lachnospiraceae; g__Dorea; s__
OTU_102	k__Bacteria; p__Bacillota; c__Clostridia; o__Oscillospirales; f__Ruminococcaceae; g__Ruminococcus; s__
OTU_103	k__Bacteria; p__Bacillota; c__Clostridia; o__Lachnospirales; f__Lachnospiraceae; g__Fusicatenibacter; s__uncultured_Firmicutes_bacterium
OTU_104	k__Bacteria; p__Bacillota; c__Clostridia; o__Oscillospirales; f__Ruminococcaceae; g__Ruthenibacterium; s__
OTU_105	k__Bacteria; p__Bacillota; c__Clostridia; o__Oscillospirales; f__Oscillospiraceae; g__NK4A214_group; s__
OTU_106	k__Bacteria; p__Bacillota; c__Clostridia; o__Christensenellales; f__Christensenellaceae; g__Christensenellaceae_R-7_group; s__
OTU_107	k__Bacteria; p__Bacillota; c__Clostridia; o__Lachnospirales; f__Lachnospiraceae; g__Roseburia; s__
OTU_108	k__Bacteria; p__Bacillota; c__Clostridia; o__Clostridiales; f__Clostridiaceae; g__Clostridium; s__Clostridium_tertium
OTU_109	k__Bacteria; p__Bacillota; c__Clostridia; o__Lachnospirales; f__Lachnospiraceae; g__Blautia; s__
OTU_110	k__Bacteria; p__Bacillota; c__Clostridia; o__Lachnospirales; f__Lachnospiraceae; g__Eisenbergiella; s__
OTU_111	k__Bacteria; p__Bacillota; c__Clostridia; o__Peptostreptococcales-Tissierellales; f__Peptostreptococcaceae; g__Peptostreptococcus; s__
OTU_112	k__Bacteria; p__Bacillota; c__Clostridia; o__Clostridiales; f__Clostridiaceae; g__Clostridium; s__
OTU_113	k__Bacteria; p__Actinomycetota; c__Coriobacteriia; o__Coriobacteriales; f__Atopobiaceae; g__Tractidigestivibacter; s__
OTU_114	k__Bacteria; p__Actinomycetota; c__Coriobacteriia; o__Coriobacteriales; f__Atopobiaceae; g__Parolsenella; s__
OTU_115	k__Bacteria; p__Bacillota; c__Clostridia; o__Lachnospirales; f__Lachnospiraceae; g__Incertae_Sedis; s__
OTU_116	k__Bacteria; p__Bacillota; c__Clostridia; o__Oscillospirales; f__[Eubacterium]_coprostanoligenes_group; g__Incertae_Sedis; s__
OTU_117	k__Bacteria; p__Bacillota; c__Clostridia; o__Lachnospirales; f__Lachnospiraceae; g__Butyribacter; s__
OTU_118	k__Bacteria; p__Bacillota; c__Clostridia; o__Oscillospirales; f__Ruminococcaceae; g__Incertae_Sedis; s__
OTU_119	k__Bacteria; p__Bacillota; c__Clostridia; o__Monoglobales; f__Monoglobaceae; g__Monoglobus; s__
OTU_120	k__Bacteria; p__Actinomycetota; c__Coriobacteriia; o__Coriobacteriales; f__Coriobacteriales_Incertae_Sedis; g__Incertae_Sedis; s__
OTU_121	k__Bacteria; p__Bacillota; c__Clostridia; o__Lachnospirales; f__Lachnospiraceae; g__Coprococcus; s__
OTU_122	k__Bacteria; p__Bacillota; c__Clostridia; o__Lachnospirales; f__Lachnospiraceae; g__Agathobacter; s__
OTU_123	k__Bacteria; p__Bacillota; c__Clostridia; o__Oscillospirales; f__Oscillospiraceae; g__UCG-005; s__
OTU_124	k__Bacteria; p__Bacillota; c__Clostridia; o__Christensenellales; f__Christensenellaceae; g__Christensenellaceae_R-7_group; s__
OTU_125	k__Bacteria; p__Bacillota; c__Clostridia; o__Oscillospirales; f__Oscillospiraceae; g__Intestinimonas; s__Intestinimonas_butyriciproducens
OTU_126	k__Bacteria; p__Bacillota; c__Clostridia; o__Lachnospirales; f__Lachnospiraceae; g__Tyzzerella; s__
OTU_127	k__Bacteria; p__Bacillota; c__Clostridia; o__Oscillospirales; f__Ruminococcaceae; g__Acutalibacter; s__
OTU_128	k__Bacteria; p__Bacillota; c__Clostridia; o__Christensenellales; f__Christensenellaceae; g__Christensenella; s__Christensenella_minuta
OTU_129	k__Bacteria; p__Bacillota; c__Clostridia; o__Christensenellales; f__Christensenellaceae; g__Christensenellaceae_R-7_group; s__
OTU_130	k__Bacteria; p__Bacillota; c__Clostridia; o__Oscillospirales; f__Oscillospiraceae; g__Incertae_Sedis; s__
OTU_131	k__Bacteria; p__Actinomycetota; c__Coriobacteriia; o__Coriobacteriales; f__Eggerthellaceae; g__Senegalimassilia; s__
OTU_132	k__Bacteria; p__Bacillota; c__Clostridia; o__Peptostreptococcales-Tissierellales; f__Anaerovoracaceae; g__Incertae_Sedis; s__
OTU_133	k__Bacteria; p__Bacillota; c__Clostridia; o__Lachnospirales; f__Lachnospiraceae; g__Anaerostipes; s__
OTU_134	k__Bacteria; p__Bacillota; c__Clostridia; o__Oscillospirales; f__[Eubacterium]_coprostanoligenes_group; g__Incertae_Sedis; s__
OTU_135	k__Bacteria; p__Bacillota; c__Clostridia; o__Oscillospirales; f__UCG-011; g__Incertae_Sedis; s__
OTU_136	k__Bacteria; p__Bacillota; c__Clostridia; o__Christensenellales; f__Christensenellaceae; g__Christensenellaceae_R-7_group; s__
OTU_137	k__Bacteria; p__Bacillota; c__Clostridia; o__Oscillospirales; f__Oscillospiraceae; g__UCG-003; s__
OTU_138	k__Bacteria; p__Bacillota; c__Clostridia; o__Oscillospirales; f__Oscillospiraceae; g__Incertae_Sedis; s__Clostridium_sp._GD3
OTU_139	k__Bacteria; p__Bacillota; c__Clostridia; o__Lachnospirales; f__Lachnospiraceae; g__Coprococcus; s__
OTU_140	k__Bacteria; p__Bacillota; c__Clostridia; o__Clostridia_UCG-014; f__Incertae_Sedis; g__Incertae_Sedis; s__uncultured_Clostridiales_bacterium
OTU_141	k__Bacteria; p__Actinomycetota; c__Coriobacteriia; o__Coriobacteriales; f__Eggerthellaceae; g__Enteroscipio; s__Enteroscipio_rubneri
OTU_142	k__Bacteria; p__Bacillota; c__Clostridia; o__Oscillospirales; f__Ruminococcaceae; g__Ruminococcus; s__
OTU_143	k__Bacteria; p__Actinomycetota; c__Coriobacteriia; o__Coriobacteriales; f__Eggerthellaceae; g__Slackia; s__
OTU_144	k__Bacteria; p__Bacillota; c__Clostridia; o__Clostridia_UCG-014; f__Incertae_Sedis; g__Incertae_Sedis; s__
OTU_145	k__Bacteria; p__Actinomycetota; c__Coriobacteriia; o__Coriobacteriales; f__Eggerthellaceae; g__Adlercreutzia; s__
OTU_146	k__Bacteria; p__Bacillota; c__Clostridia; o__Oscillospirales; f__Ruminococcaceae; g__Incertae_Sedis; s__
OTU_147	k__Bacteria; p__Bacillota; c__Clostridia; o__Lachnospirales; f__Lachnospiraceae; g__Anaerobutyricum; s__
OTU_148	k__Bacteria; p__Bacillota; c__Clostridia; o__Clostridia_UCG-014; f__Incertae_Sedis; g__Incertae_Sedis; s__
OTU_149	k__Bacteria; p__Bacillota; c__Clostridia; o__Clostridia_UCG-014; f__Incertae_Sedis; g__Incertae_Sedis; s__
OTU_150	k__Bacteria; p__Bacillota; c__Clostridia; o__Lachnospirales; f__Lachnospiraceae; g__Anaerostipes; s__
OTU_151	k__Bacteria; p__Bacillota; c__Clostridia; o__Oscillospirales; f__Ruminococcaceae; g__Incertae_Sedis; s__
OTU_152	k__Bacteria; p__Bacillota; c__Clostridia; o__Oscillospirales; f__Ruminococcaceae; g__Ruminococcus; s__
OTU_153	k__Bacteria; p__Bacillota; c__Clostridia; o__Lachnospirales; f__Lachnospiraceae; g__[Ruminococcus]_gauvreauii_group; s__
OTU_154	k__Bacteria; p__Bacillota; c__Clostridia; o__Lachnospirales; f__Lachnospiraceae; g__Faecalicatena; s__
OTU_155	k__Bacteria; p__Bacillota; c__Clostridia; o__Oscillospirales; f__Ruminococcaceae; g__Ruminococcus; s__
OTU_156	k__Bacteria; p__Bacillota; c__Clostridia; o__Lachnospirales; f__Lachnospiraceae; g__[Eubacterium]_ventriosum_group; s__
OTU_157	k__Bacteria; p__Bacillota; c__Clostridia; o__Lachnospirales; f__Lachnospiraceae; g__Enterocloster; s__
OTU_158	k__Bacteria; p__Bacillota; c__Clostridia; o__Lachnospirales; f__Lachnospiraceae; g__Hungatella; s__
OTU_159	k__Bacteria; p__Bacillota; c__Clostridia; o__Lachnospirales; f__Lachnospiraceae; g__Faecalimonas; s__
OTU_160	k__Bacteria; p__Bacillota; c__Clostridia; o__Lachnospirales; f__Lachnospiraceae; g__Enterocloster; s__
OTU_161	k__Bacteria; p__Bacillota; c__Clostridia; o__Lachnospirales; f__Lachnospiraceae; g__Agathobacter; s__
OTU_162	k__Bacteria; p__Bacillota; c__Clostridia; o__Monoglobales; f__Monoglobaceae; g__Monoglobus; s__
OTU_163	k__Bacteria; p__Bacillota; c__Clostridia; o__Lachnospirales; f__Lachnospiraceae; g__Lachnospira; s__
OTU_164	k__Bacteria; p__Actinomycetota; c__Coriobacteriia; o__Coriobacteriales; f__Coriobacteriaceae; g__Collinsella; s__Collinsella_tanakaei
OTU_165	k__Bacteria; p__Bacillota; c__Clostridia; o__Lachnospirales; f__Lachnospiraceae; g__Sellimonas; s__Sellimonas_intestinalis
OTU_166	k__Bacteria; p__Actinomycetota; c__Coriobacteriia; o__Coriobacteriales; f__Coriobacteriaceae; g__Collinsella; s__
OTU_167	k__Bacteria; p__Bacillota; c__Clostridia; o__Lachnospirales; f__Lachnospiraceae; g__Howardella; s__
OTU_168	k__Bacteria; p__Bacillota; c__Clostridia; o__Lachnospirales; f__Lachnospiraceae; g__Roseburia; s__
OTU_169	k__Bacteria; p__Bacillota; c__Clostridia; o__Oscillospirales; f__Ruminococcaceae; g__Candidatus_Soleaferrea; s__Ruminococcaceae_bacterium_GD6
OTU_170	k__Bacteria; p__Bacillota; c__Clostridia; o__Lachnospirales; f__Lachnospiraceae; g__Lachnospiraceae_ND3007_group; s__
OTU_171	k__Bacteria; p__Bacillota; c__Clostridia; o__Lachnospirales; f__Lachnospiraceae; g__Enterocloster; s__
OTU_172	k__Bacteria; p__Bacillota; c__Clostridia; o__Lachnospirales; f__Lachnospiraceae; g__Incertae_Sedis; s__
OTU_173	k__Bacteria; p__Bacillota; c__Clostridia; o__Lachnospirales; f__Lachnospiraceae; g__Incertae_Sedis; s__
OTU_174	k__Bacteria; p__Bacillota; c__Clostridia; o__Oscillospirales; f__Ruminococcaceae; g__Acutalibacter; s__
OTU_175	k__Bacteria; p__Bacillota; c__Clostridia; o__Oscillospirales; f__Ruminococcaceae; g__Acutalibacter; s__
OTU_176	k__Bacteria; p__Bacillota; c__Clostridia; o__Lachnospirales; f__Lachnospiraceae; g__Incertae_Sedis; s__
OTU_177	k__Bacteria; p__Bacillota; c__Clostridia; o__Oscillospirales; f__UCG-010; g__Incertae_Sedis; s__
OTU_178	k__Bacteria; p__Bacillota; c__Clostridia; o__Lachnospirales; f__Lachnospiraceae; g__Lachnoclostridium; s__
OTU_179	k__Bacteria; p__Bacillota; c__Clostridia; o__Lachnospirales; f__Lachnospiraceae; g__Lachnospiraceae_NK4A136_group; s__
OTU_180	k__Bacteria; p__Bacillota; c__Clostridia; o__Lachnospirales; f__Lachnospiraceae; g__[Ruminococcus]_gnavus_group; s__uncultured_Ruminococcus_sp.
OTU_181	k__Bacteria; p__Bacillota; c__Clostridia; o__Oscillospirales; f__Ruminococcaceae; g__Incertae_Sedis; s__
OTU_182	k__Bacteria; p__Bacillota; c__Clostridia; o__Lachnospirales; f__Lachnospiraceae; g__Enterocloster; s__[Clostridium]_citroniae
OTU_183	k__Bacteria; p__Bacillota; c__Clostridia; o__Oscillospirales; f__Ruminococcaceae; g__Phocea; s__Anaerotruncus_sp._Marseille-P2769
OTU_184	k__Bacteria; p__Bacillota; c__Clostridia; o__Peptostreptococcales-Tissierellales; f__Anaerovoracaceae; g__Family_XIII_AD3011_group; s__
OTU_185	k__Bacteria; p__Actinomycetota; c__Coriobacteriia; o__Coriobacteriales; f__Eggerthellaceae; g__Adlercreutzia; s__
OTU_186	k__Bacteria; p__Actinomycetota; c__Coriobacteriia; o__Coriobacteriales; f__Coriobacteriales_Incertae_Sedis; g__Incertae_Sedis; s__
OTU_187	k__Bacteria; p__Bacillota; c__Clostridia; o__Peptostreptococcales-Tissierellales; f__Family_XI; g__Peptoniphilus; s__
OTU_188	k__Bacteria; p__Actinomycetota; c__Coriobacteriia; o__Coriobacteriales; f__Eggerthellaceae; g__Incertae_Sedis; s__
OTU_189	k__Bacteria; p__Bacillota; c__Clostridia; o__Peptostreptococcales-Tissierellales; f__Family_XI; g__Finegoldia; s__
OTU_190	k__Bacteria; p__Bacillota; c__Clostridia; o__Peptostreptococcales-Tissierellales; f__Family_XI; g__Anaerococcus; s__
OTU_191	k__; p__; c__; o__; f__; g__; s__
OTU_192	k__Archaea; p__Methanobacteriota; c__Methanobacteria; o__Methanobacteriales; f__Methanobacteriaceae; g__Methanobrevibacter; s__uncultured_Methanobacteriales_archaeon
OTU_193	k__Bacteria; p__Bacillota; c__Bacilli; o__Bacillales; f__Bacillaceae; g__Bacillus; s__Bacillus_cereus
OTU_194	k__Bacteria; p__Bacillota; c__Bacilli; o__Erysipelotrichales; f__Erysipelatoclostridiaceae; g__Catenibacterium; s__
OTU_195	k__; p__; c__; o__; f__; g__; s__
