OTU	Kingdom	Phylum	Class	Order	Family	Genus	Specie
OTU_2	Bacteria	Bacillota	Negativicutes	Veillonellales-Selenomonadales	Selenomonadaceae	Megamonas	
OTU_3	Bacteria	Bacillota	Bacilli	Erysipelotrichales	Erysipelatoclostridiaceae	Catenibacterium	
OTU_1	Bacteria	Pseudomonadota	Gammaproteobacteria	Enterobacterales	Enterobacteriaceae	Escherichia-Shigella	Shigella sonnei
OTU_4	Bacteria	Pseudomonadota	Gammaproteobacteria	Enterobacterales	Enterobacteriaceae	Klebsiella	Klebsiella pneumoniae
OTU_5	Bacteria	Pseudomonadota	Gammaproteobacteria	Enterobacterales	Enterobacteriaceae	Citrobacter	Citrobacter braakii
OTU_6	Bacteria	Bacillota	Bacilli	Lactobacillales	Enterococcaceae	Enterococcus	Enterococcus faecalis
OTU_7	Bacteria	Bacillota	Negativicutes	Veillonellales-Selenomonadales	Veillonellaceae	Dialister	
OTU_8	Bacteria	Bacteroidota	Bacteroidia	Bacteroidales	Bacteroidaceae	Bacteroides	
OTU_9	Bacteria	Bacteroidota	Bacteroidia	Bacteroidales	Bacteroidaceae	Bacteroides	
OTU_10	Bacteria	Bacteroidota	Bacteroidia	Bacteroidales	Bacteroidaceae	Bacteroides	
OTU_11	Bacteria	Bacillota	Bacilli	Erysipelotrichales	Erysipelotrichaceae	Turicibacter	
OTU_12	Bacteria	Thermodesulfobacteriota	Desulfovibrionia	Desulfovibrionales	Desulfovibrionaceae	Desulfovibrio	
OTU_13	Bacteria	Bacteroidota	Bacteroidia	Bacteroidales	Rikenellaceae	Alistipes	
OTU_14	Bacteria	Bacillota	Clostridia	Peptococcales	Peptococcaceae	Peptococcus	
OTU_15	Bacteria	Pseudomonadota	Gammaproteobacteria	Burkholderiales	Sutterellaceae	Sutterella	
OTU_16	Bacteria	Bacillota	Bacilli	Lactobacillales	Streptococcaceae	Streptococcus	Streptococcus anginosus
OTU_18	Bacteria	Bacillota	Bacilli	Erysipelotrichales	Erysipelatoclostridiaceae	Erysipelotrichaceae UCG-003	
OTU_17	Bacteria	Actinomycetota	Actinobacteria	Bifidobacteriales	Bifidobacteriaceae	Bifidobacterium	Bifidobacterium catenulatum subsp. kashiwanohense
OTU_19	Bacteria	Bacillota	Bacilli	Lactobacillales	Streptococcaceae	Streptococcus	
OTU_20	Bacteria	Bacillota	Bacilli	Erysipelotrichales	Erysipelotrichaceae	Holdemanella	
OTU_22	Bacteria	Bacillota	Bacilli	Bacillales	Bacillaceae	Bacillus	Bacillus cereus
OTU_193	Bacteria	Bacillota	Bacilli	Bacillales	Bacillaceae	Bacillus	Bacillus cereus
OTU_21	Bacteria	Bacillota	Bacilli	Lactobacillales	Streptococcaceae	Streptococcus	Streptococcus sp.
OTU_23	Bacteria	Actinomycetota	Actinobacteria	Bifidobacteriales	Bifidobacteriaceae	Bifidobacterium	
OTU_24	Bacteria	Bacteroidota	Bacteroidia	Bacteroidales	Bacteroidaceae	Bacteroides	
OTU_25	Bacteria	Bacteroidota	Bacteroidia	Bacteroidales	Tannerellaceae	Parabacteroides	
OTU_26	Bacteria	Pseudomonadota	Gammaproteobacteria	Burkholderiales	Sutterellaceae	Parasutterella	
OTU_27	Bacteria	Bacteroidota	Bacteroidia	Bacteroidales	Tannerellaceae	Parabacteroides	Parabacteroides merdae
OTU_28	Bacteria	Actinomycetota	Actinobacteria	Bifidobacteriales	Bifidobacteriaceae	Bifidobacterium	Bifidobacterium bifidum
OTU_29	Bacteria	Bacteroidota	Bacteroidia	Bacteroidales	Marinifilaceae	Butyricimonas	
OTU_31	Bacteria	Bacillota	Negativicutes	Veillonellales-Selenomonadales	Veillonellaceae	Dialister	Dialister sp. Marseille-P5638
OTU_30	Bacteria	Pseudomonadota	Gammaproteobacteria	Burkholderiales	Sutterellaceae	Sutterella	Sutterellaceae bacterium Marseille-P2968
OTU_32	Bacteria	Bacteroidota	Bacteroidia	Bacteroidales	Tannerellaceae	Parabacteroides	Parabacteroides goldsteinii
OTU_33	Bacteria	Bacillota	Negativicutes	Acidaminococcales	Acidaminococcaceae	Phascolarctobacterium	gut metagenome
OTU_34	Bacteria	Bacillota	Bacilli	Lactobacillales	Lactobacillaceae	Ligilactobacillus	
OTU_35	Bacteria	Thermodesulfobacteriota	Desulfovibrionia	Desulfovibrionales	Desulfovibrionaceae	Bilophila	uncultured delta proteobacterium
OTU_36	Bacteria	Bacteroidota	Bacteroidia	Bacteroidales	Rikenellaceae	Alistipes	
OTU_37	Bacteria	Bacteroidota	Bacteroidia	Bacteroidales	Bacteroidaceae	Bacteroides	
OTU_38	Bacteria	Bacteroidota	Bacteroidia	Bacteroidales	Bacteroidaceae	Bacteroides	
OTU_39	Bacteria	Pseudomonadota	Gammaproteobacteria	Burkholderiales	Sutterellaceae	Sutterella	
OTU_40	Bacteria	Bacillota	Bacilli	Lactobacillales	Lactobacillaceae	Lacticaseibacillus	Lactobacillus rhamnosus ATCC 21052
OTU_42	Bacteria	Bacillota	Bacilli	Lactobacillales	Lactobacillaceae	Lactobacillus	Lactobacillus acidophilus
OTU_41	Bacteria	Pseudomonadota	Gammaproteobacteria	Burkholderiales	Sutterellaceae	Sutterella	
OTU_43	Bacteria	Bacillota	Negativicutes	Veillonellales-Selenomonadales	Veillonellaceae	Megasphaera	
OTU_44	Bacteria	Bacillota	Bacilli	Lactobacillales	Streptococcaceae	Lactococcus	Lactococcus lactis
OTU_45	Bacteria	Bacillota	Negativicutes	Acidaminococcales	Acidaminococcaceae	Acidaminococcus	
OTU_47	Bacteria	Bacillota	Bacilli	Lactobacillales	Lactobacillaceae	Leuconostoc	Leuconostoc lactis
OTU_46	Bacteria	Pseudomonadota	Gammaproteobacteria	Burkholderiales	Sutterellaceae	Parasutterella	
OTU_48	Bacteria	Pseudomonadota	Gammaproteobacteria	Burkholderiales	Sutterellaceae	Sutterella	
OTU_49	Bacteria	Bacillota	Bacilli	Lactobacillales	Aerococcaceae	Aerococcus	
OTU_50	Bacteria	Bacillota	Bacilli	Lactobacillales	Streptococcaceae	Streptococcus	Streptococcus sobrinus
OTU_51	Bacteria	Bacteroidota	Bacteroidia	Bacteroidales	Rikenellaceae	Alistipes	
OTU_52	Bacteria	Bacillota	Bacilli	Erysipelotrichales	Erysipelotrichaceae	Faecalitalea	Faecalitalea cylindroides
OTU_53	Bacteria	Fusobacteriota	Fusobacteriia	Fusobacteriales	Fusobacteriaceae	Fusobacterium	
OTU_54	Bacteria	Bacteroidota	Bacteroidia	Bacteroidales	Bacteroidaceae	Bacteroides	
OTU_55	Bacteria	Bacillota	Clostridia	Peptostreptococcales-Tissierellales	Anaerovoracaceae	[Eubacterium] brachy group	
OTU_56	Bacteria	Bacillota	Clostridia	Oscillospirales	Oscillospiraceae	UCG-002	
OTU_57	Bacteria	Bacillota	Clostridia	Lachnospirales	Lachnospiraceae	Incertae Sedis	
OTU_58	Bacteria	Bacteroidota	Bacteroidia	Bacteroidales	Rikenellaceae	Alistipes	
OTU_59	Bacteria	Actinomycetota	Coriobacteriia	Coriobacteriales	Coriobacteriaceae	Collinsella	
OTU_60	Bacteria	Bacillota	Clostridia	Clostridiales	Clostridiaceae	Clostridium	
OTU_61	Bacteria	Verrucomicrobiota	Verrucomicrobiia	Verrucomicrobiales	Akkermansiaceae	Akkermansia	
OTU_63	Bacteria	Bacillota	Clostridia	Lachnospirales	Lachnospiraceae	Coprococcus	
OTU_62	Bacteria	Bacillota	Clostridia	Oscillospirales	Ruminococcaceae	Ruminococcus	
OTU_64	Bacteria	Bacillota	Clostridia	Lachnospirales	Lachnospiraceae	Anaerobutyricum	
OTU_65	Bacteria	Bacillota	Clostridia	Oscillospirales	Ruminococcaceae	Faecalibacterium	
OTU_67	Bacteria	Bacillota	Clostridia	Lachnospirales	Lachnospiraceae	Lachnospiraceae UCG-008	
OTU_66	Bacteria	Bacillota	Clostridia	Lachnospirales	Lachnospiraceae	Blautia	
OTU_68	Bacteria	Bacillota	Clostridia	Lachnospirales	Lachnospiraceae	Mediterraneibacter	
OTU_69	Bacteria	Bacillota	Clostridia	Peptostreptococcales-Tissierellales	Peptostreptococcaceae	Intestinibacter	
OTU_70	Bacteria	Bacteroidota	Bacteroidia	Bacteroidales	Rikenellaceae	Alistipes	
OTU_71	Bacteria	Bacteroidota	Bacteroidia	Bacteroidales	Bacteroidaceae	Bacteroides	
OTU_72	Bacteria	Bacillota	Clostridia	Christensenellales	Christensenellaceae	Christensenellaceae R-7 group	
OTU_73	Bacteria	Bacteroidota	Bacteroidia	Bacteroidales	Bacteroidaceae	Bacteroides	
OTU_74	Bacteria	Actinomycetota	Coriobacteriia	Coriobacteriales	Eggerthellaceae	CHKCI002	
OTU_75	Bacteria	Bacteroidota	Bacteroidia	Bacteroidales	Bacteroidaceae	Bacteroides	
OTU_76	Bacteria	Bacteroidota	Bacteroidia	Bacteroidales	Rikenellaceae	Alistipes	Alistipes inops
OTU_77	Bacteria	Bacteroidota	Bacteroidia	Bacteroidales	Rikenellaceae	Alistipes	Alistipes sp. N15.MGS-157
OTU_78	Bacteria	Bacillota	Clostridia	Lachnospirales	Lachnospiraceae	Incertae Sedis	
OTU_79	Bacteria	Bacillota	Clostridia	Peptostreptococcales-Tissierellales	Peptostreptococcaceae	Incertae Sedis	
OTU_80	Bacteria	Bacteroidota	Bacteroidia	Bacteroidales	Rikenellaceae	Alistipes	Bacteroides sp. DSM 12148
OTU_81	Bacteria	Bacteroidota	Bacteroidia	Bacteroidales	Barnesiellaceae	Barnesiella	
OTU_82	Bacteria	Bacteroidota	Bacteroidia	Bacteroidales	Tannerellaceae	Parabacteroides	Parabacteroides sp.
OTU_83	Bacteria	Bacillota	Clostridia	Clostridiales	Clostridiaceae	Clostridium	
OTU_85	Bacteria	Bacteroidota	Bacteroidia	Bacteroidales	Marinifilaceae	Butyricimonas	
OTU_84	Bacteria	Bacillota	Clostridia	Lachnospirales	Lachnospiraceae	Dorea	
OTU_86	Bacteria	Bacteroidota	Bacteroidia	Bacteroidales	Marinifilaceae	Butyricimonas	Butyricimonas virosa
OTU_87	Bacteria	Bacteroidota	Bacteroidia	Bacteroidales	Marinifilaceae	Odoribacter	Odoribacter splanchnicus
OTU_88	Bacteria	Bacteroidota	Bacteroidia	Bacteroidales	Marinifilaceae	Butyricimonas	
OTU_89	Bacteria	Bacteroidota	Bacteroidia	Bacteroidales	Marinifilaceae	Odoribacter	Odoribacter sp. Marseille-P2698
OTU_90	Bacteria	Actinomycetota	Actinobacteria	Actinomycetales	Actinomycetaceae	Schaalia	
OTU_91	Bacteria	Actinomycetota	Actinobacteria	Bifidobacteriales	Bifidobacteriaceae	Bifidobacterium	Bifidobacterium animalis subsp. lactis BB-12
OTU_92	Bacteria	Actinomycetota	Actinobacteria	Bifidobacteriales	Bifidobacteriaceae	Bifidobacterium	
OTU_93	Bacteria	Bacillota	Clostridia	Oscillospirales	Butyricicoccaceae	Agathobaculum	
OTU_94	Bacteria	Bacillota	Clostridia	Christensenellales	Christensenellaceae	Christensenellaceae R-7 group	
OTU_95	Bacteria	Bacillota	Clostridia	Eubacteriales	Eubacteriaceae	Eubacterium	bacterium NLAE-zl-P455
OTU_96	Bacteria	Bacillota	Clostridia	Lachnospirales	Lachnospiraceae	[Eubacterium] eligens group	
OTU_97	Bacteria	Actinomycetota	Coriobacteriia	Coriobacteriales	Eggerthellaceae	Eggerthella	
OTU_98	Bacteria	Bacillota	Clostridia	Oscillospirales	Oscillospiraceae	Flavonifractor	
OTU_99	Bacteria	Bacillota	Clostridia	Lachnospirales	Lachnospiraceae	Lachnoclostridium	
OTU_100	Bacteria	Bacillota	Clostridia	Oscillospirales	Ruminococcaceae	Incertae Sedis	
OTU_101	Bacteria	Bacillota	Clostridia	Lachnospirales	Lachnospiraceae	Dorea	
OTU_102	Bacteria	Bacillota	Clostridia	Oscillospirales	Ruminococcaceae	Ruminococcus	
OTU_103	Bacteria	Bacillota	Clostridia	Lachnospirales	Lachnospiraceae	Fusicatenibacter	uncultured Firmicutes bacterium
OTU_104	Bacteria	Bacillota	Clostridia	Oscillospirales	Ruminococcaceae	Ruthenibacterium	
OTU_105	Bacteria	Bacillota	Clostridia	Oscillospirales	Oscillospiraceae	NK4A214 group	
OTU_106	Bacteria	Bacillota	Clostridia	Christensenellales	Christensenellaceae	Christensenellaceae R-7 group	
OTU_107	Bacteria	Bacillota	Clostridia	Lachnospirales	Lachnospiraceae	Roseburia	
OTU_108	Bacteria	Bacillota	Clostridia	Clostridiales	Clostridiaceae	Clostridium	Clostridium tertium
OTU_109	Bacteria	Bacillota	Clostridia	Lachnospirales	Lachnospiraceae	Blautia	
OTU_111	Bacteria	Bacillota	Clostridia	Peptostreptococcales-Tissierellales	Peptostreptococcaceae	Peptostreptococcus	
OTU_110	Bacteria	Bacillota	Clostridia	Lachnospirales	Lachnospiraceae	Eisenbergiella	
OTU_112	Bacteria	Bacillota	Clostridia	Clostridiales	Clostridiaceae	Clostridium	
OTU_113	Bacteria	Actinomycetota	Coriobacteriia	Coriobacteriales	Atopobiaceae	Tractidigestivibacter	
OTU_115	Bacteria	Bacillota	Clostridia	Lachnospirales	Lachnospiraceae	Incertae Sedis	
OTU_114	Bacteria	Actinomycetota	Coriobacteriia	Coriobacteriales	Atopobiaceae	Parolsenella	
OTU_116	Bacteria	Bacillota	Clostridia	Oscillospirales	[Eubacterium] coprostanoligenes group	Incertae Sedis	
OTU_117	Bacteria	Bacillota	Clostridia	Lachnospirales	Lachnospiraceae	Butyribacter	
OTU_119	Bacteria	Bacillota	Clostridia	Monoglobales	Monoglobaceae	Monoglobus	
OTU_118	Bacteria	Bacillota	Clostridia	Oscillospirales	Ruminococcaceae	Incertae Sedis	
OTU_120	Bacteria	Actinomycetota	Coriobacteriia	Coriobacteriales	Coriobacteriales Incertae Sedis	Incertae Sedis	
OTU_121	Bacteria	Bacillota	Clostridia	Lachnospirales	Lachnospiraceae	Coprococcus	
OTU_122	Bacteria	Bacillota	Clostridia	Lachnospirales	Lachnospiraceae	Agathobacter	
OTU_123	Bacteria	Bacillota	Clostridia	Oscillospirales	Oscillospiraceae	UCG-005	
OTU_124	Bacteria	Bacillota	Clostridia	Christensenellales	Christensenellaceae	Christensenellaceae R-7 group	
OTU_125	Bacteria	Bacillota	Clostridia	Oscillospirales	Oscillospiraceae	Intestinimonas	Intestinimonas butyriciproducens
OTU_126	Bacteria	Bacillota	Clostridia	Lachnospirales	Lachnospiraceae	Tyzzerella	
OTU_127	Bacteria	Bacillota	Clostridia	Oscillospirales	Ruminococcaceae	Acutalibacter	
OTU_128	Bacteria	Bacillota	Clostridia	Christensenellales	Christensenellaceae	Christensenella	Christensenella minuta
OTU_129	Bacteria	Bacillota	Clostridia	Christensenellales	Christensenellaceae	Christensenellaceae R-7 group	
OTU_130	Bacteria	Bacillota	Clostridia	Oscillospirales	Oscillospiraceae	Incertae Sedis	
OTU_131	Bacteria	Actinomycetota	Coriobacteriia	Coriobacteriales	Eggerthellaceae	Senegalimassilia	
OTU_132	Bacteria	Bacillota	Clostridia	Peptostreptococcales-Tissierellales	Anaerovoracaceae	Incertae Sedis	
OTU_133	Bacteria	Bacillota	Clostridia	Lachnospirales	Lachnospiraceae	Anaerostipes	
OTU_134	Bacteria	Bacillota	Clostridia	Oscillospirales	[Eubacterium] coprostanoligenes group	Incertae Sedis	
OTU_135	Bacteria	Bacillota	Clostridia	Oscillospirales	UCG-011	Incertae Sedis	
OTU_136	Bacteria	Bacillota	Clostridia	Christensenellales	Christensenellaceae	Christensenellaceae R-7 group	
OTU_137	Bacteria	Bacillota	Clostridia	Oscillospirales	Oscillospiraceae	UCG-003	
OTU_138	Bacteria	Bacillota	Clostridia	Oscillospirales	Oscillospiraceae	Incertae Sedis	Clostridium sp. GD3
OTU_139	Bacteria	Bacillota	Clostridia	Lachnospirales	Lachnospiraceae	Coprococcus	
OTU_140	Bacteria	Bacillota	Clostridia	Clostridia UCG-014	Incertae Sedis	Incertae Sedis	uncultured Clostridiales bacterium
OTU_141	Bacteria	Actinomycetota	Coriobacteriia	Coriobacteriales	Eggerthellaceae	Enteroscipio	Enteroscipio rubneri
OTU_142	Bacteria	Bacillota	Clostridia	Oscillospirales	Ruminococcaceae	Ruminococcus	
OTU_143	Bacteria	Actinomycetota	Coriobacteriia	Coriobacteriales	Eggerthellaceae	Slackia	
OTU_144	Bacteria	Bacillota	Clostridia	Clostridia UCG-014	Incertae Sedis	Incertae Sedis	
OTU_145	Bacteria	Actinomycetota	Coriobacteriia	Coriobacteriales	Eggerthellaceae	Adlercreutzia	
OTU_146	Bacteria	Bacillota	Clostridia	Oscillospirales	Ruminococcaceae	Incertae Sedis	
OTU_148	Bacteria	Bacillota	Clostridia	Clostridia UCG-014	Incertae Sedis	Incertae Sedis	
OTU_147	Bacteria	Bacillota	Clostridia	Lachnospirales	Lachnospiraceae	Anaerobutyricum	
OTU_149	Bacteria	Bacillota	Clostridia	Clostridia UCG-014	Incertae Sedis	Incertae Sedis	
OTU_150	Bacteria	Bacillota	Clostridia	Lachnospirales	Lachnospiraceae	Anaerostipes	
OTU_151	Bacteria	Bacillota	Clostridia	Oscillospirales	Ruminococcaceae	Incertae Sedis	
OTU_152	Bacteria	Bacillota	Clostridia	Oscillospirales	Ruminococcaceae	Ruminococcus	
OTU_153	Bacteria	Bacillota	Clostridia	Lachnospirales	Lachnospiraceae	[Ruminococcus] gauvreauii group	
OTU_154	Bacteria	Bacillota	Clostridia	Lachnospirales	Lachnospiraceae	Faecalicatena	
OTU_155	Bacteria	Bacillota	Clostridia	Oscillospirales	Ruminococcaceae	Ruminococcus	
OTU_157	Bacteria	Bacillota	Clostridia	Lachnospirales	Lachnospiraceae	Enterocloster	
OTU_156	Bacteria	Bacillota	Clostridia	Lachnospirales	Lachnospiraceae	[Eubacterium] ventriosum group	
OTU_158	Bacteria	Bacillota	Clostridia	Lachnospirales	Lachnospiraceae	Hungatella	
OTU_159	Bacteria	Bacillota	Clostridia	Lachnospirales	Lachnospiraceae	Faecalimonas	
OTU_160	Bacteria	Bacillota	Clostridia	Lachnospirales	Lachnospiraceae	Enterocloster	
OTU_161	Bacteria	Bacillota	Clostridia	Lachnospirales	Lachnospiraceae	Agathobacter	
OTU_162	Bacteria	Bacillota	Clostridia	Monoglobales	Monoglobaceae	Monoglobus	
OTU_163	Bacteria	Bacillota	Clostridia	Lachnospirales	Lachnospiraceae	Lachnospira	
OTU_164	Bacteria	Actinomycetota	Coriobacteriia	Coriobacteriales	Coriobacteriaceae	Collinsella	Collinsella tanakaei
OTU_165	Bacteria	Bacillota	Clostridia	Lachnospirales	Lachnospiraceae	Sellimonas	Sellimonas intestinalis
OTU_166	Bacteria	Actinomycetota	Coriobacteriia	Coriobacteriales	Coriobacteriaceae	Collinsella	
OTU_167	Bacteria	Bacillota	Clostridia	Lachnospirales	Lachnospiraceae	Howardella	
OTU_168	Bacteria	Bacillota	Clostridia	Lachnospirales	Lachnospiraceae	Roseburia	
OTU_169	Bacteria	Bacillota	Clostridia	Oscillospirales	Ruminococcaceae	Candidatus Soleaferrea	Ruminococcaceae bacterium GD6
OTU_171	Bacteria	Bacillota	Clostridia	Lachnospirales	Lachnospiraceae	Enterocloster	
OTU_170	Bacteria	Bacillota	Clostridia	Lachnospirales	Lachnospiraceae	Lachnospiraceae ND3007 group	
OTU_173	Bacteria	Bacillota	Clostridia	Lachnospirales	Lachnospiraceae	Incertae Sedis	
OTU_172	Bacteria	Bacillota	Clostridia	Lachnospirales	Lachnospiraceae	Incertae Sedis	
OTU_175	Bacteria	Bacillota	Clostridia	Oscillospirales	Ruminococcaceae	Acutalibacter	
OTU_174	Bacteria	Bacillota	Clostridia	Oscillospirales	Ruminococcaceae	Acutalibacter	
OTU_177	Bacteria	Bacillota	Clostridia	Oscillospirales	UCG-010	Incertae Sedis	
OTU_176	Bacteria	Bacillota	Clostridia	Lachnospirales	Lachnospiraceae	Incertae Sedis	
OTU_178	Bacteria	Bacillota	Clostridia	Lachnospirales	Lachnospiraceae	Lachnoclostridium	
OTU_179	Bacteria	Bacillota	Clostridia	Lachnospirales	Lachnospiraceae	Lachnospiraceae NK4A136 group	
OTU_180	Bacteria	Bacillota	Clostridia	Lachnospirales	Lachnospiraceae	[Ruminococcus] gnavus group	uncultured Ruminococcus sp.
OTU_181	Bacteria	Bacillota	Clostridia	Oscillospirales	Ruminococcaceae	Incertae Sedis	
OTU_182	Bacteria	Bacillota	Clostridia	Lachnospirales	Lachnospiraceae	Enterocloster	[Clostridium] citroniae
OTU_183	Bacteria	Bacillota	Clostridia	Oscillospirales	Ruminococcaceae	Phocea	Anaerotruncus sp. Marseille-P2769
OTU_184	Bacteria	Bacillota	Clostridia	Peptostreptococcales-Tissierellales	Anaerovoracaceae	Family XIII AD3011 group	
OTU_185	Bacteria	Actinomycetota	Coriobacteriia	Coriobacteriales	Eggerthellaceae	Adlercreutzia	
OTU_186	Bacteria	Actinomycetota	Coriobacteriia	Coriobacteriales	Coriobacteriales Incertae Sedis	Incertae Sedis	
OTU_187	Bacteria	Bacillota	Clostridia	Peptostreptococcales-Tissierellales	Family XI	Peptoniphilus	
OTU_189	Bacteria	Bacillota	Clostridia	Peptostreptococcales-Tissierellales	Family XI	Finegoldia	
OTU_188	Bacteria	Actinomycetota	Coriobacteriia	Coriobacteriales	Eggerthellaceae	Incertae Sedis	
OTU_190	Bacteria	Bacillota	Clostridia	Peptostreptococcales-Tissierellales	Family XI	Anaerococcus	
OTU_192	Archaea	Methanobacteriota	Methanobacteria	Methanobacteriales	Methanobacteriaceae	Methanobrevibacter	uncultured Methanobacteriales archaeon
OTU_194	Bacteria	Bacillota	Bacilli	Erysipelotrichales	Erysipelatoclostridiaceae	Catenibacterium	
