#OTU ID	sample1.fastq	sample2.fastq
OTU_1	42924	8305
OTU_10	1981	2971
OTU_100	702	480
OTU_101	518	346
OTU_102	365	343
OTU_103	61	61
OTU_104	44	40
OTU_105	74	21
OTU_106	61	55
OTU_107	314	548
OTU_108	391	197
OTU_109	1552	356
OTU_11	1151	122
OTU_110	31	13
OTU_111	0	15
OTU_112	409	727
OTU_113	102	51
OTU_114	141	73
OTU_115	24	227
OTU_116	15	26
OTU_117	832	183
OTU_118	161	148
OTU_119	84	54
OTU_12	13	110
OTU_120	30	37
OTU_121	42	57
OTU_122	38	730
OTU_123	1	19
OTU_124	38	16
OTU_125	0	31
OTU_126	7	5
OTU_127	10	1
OTU_128	3	7
OTU_129	8	22
OTU_13	1011	930
OTU_130	12	8
OTU_131	154	206
OTU_132	12	138
OTU_133	496	24
OTU_134	58	31
OTU_135	46	26
OTU_136	13	5
OTU_137	0	37
OTU_138	19	28
OTU_139	191	397
OTU_14	352	150
OTU_140	111	101
OTU_141	79	30
OTU_142	33	23
OTU_143	23	18
OTU_144	14	31
OTU_145	26	14
OTU_146	5	10
OTU_147	1	25
OTU_148	4	18
OTU_149	5	2
OTU_15	61	359
OTU_150	6	4
OTU_151	4	10
OTU_152	4	5
OTU_153	287	163
OTU_154	28	93
OTU_155	87	19
OTU_156	7	104
OTU_157	70	82
OTU_158	77	51
OTU_159	63	24
OTU_16	477	224
OTU_160	66	53
OTU_161	37	5
OTU_162	17	26
OTU_163	26	15
OTU_164	38	11
OTU_165	47	14
OTU_166	89	30
OTU_167	24	19
OTU_168	30	8
OTU_169	6	9
OTU_17	963	616
OTU_170	21	6
OTU_171	12	16
OTU_172	17	0
OTU_173	15	9
OTU_174	12	13
OTU_175	3	10
OTU_176	22	11
OTU_177	2	3
OTU_178	5	6
OTU_179	14	7
OTU_18	163	70
OTU_180	15	10
OTU_181	2	7
OTU_182	316	141
OTU_183	42	35
OTU_184	38	50
OTU_185	93	65
OTU_186	25	13
OTU_187	12	20
OTU_188	28	12
OTU_189	3	4
OTU_19	2104	534
OTU_190	10	13
OTU_191	8	0
OTU_192	13	13
OTU_193	44	4
OTU_194	701	359
OTU_195	6	2
OTU_2	343	248
OTU_20	264	106
OTU_21	127	51
OTU_22	1139	127
OTU_23	5408	2564
OTU_24	580	400
OTU_25	901	2441
OTU_26	7	93
OTU_27	528	624
OTU_28	615	331
OTU_29	28	66
OTU_3	2568	1025
OTU_30	0	48
OTU_31	363	483
OTU_32	308	712
OTU_33	131	1607
OTU_34	391	77
OTU_35	195	64
OTU_36	46	64
OTU_37	11	76
OTU_38	362	1454
OTU_39	4	200
OTU_4	1744	685
OTU_40	65	18
OTU_41	2	299
OTU_42	38	6
OTU_43	64	47
OTU_44	42	8
OTU_45	24	28
OTU_46	14	72
OTU_47	16	0
OTU_48	2	46
OTU_49	6	0
OTU_5	634	41
OTU_50	4	1
OTU_51	164	278
OTU_52	73	38
OTU_53	2653	4632
OTU_54	182	373
OTU_55	7	30
OTU_56	181	444
OTU_57	348	376
OTU_58	309	362
OTU_59	2803	1355
OTU_6	1122	5151
OTU_60	20075	53
OTU_61	1823	2099
OTU_62	63	45
OTU_63	2102	2760
OTU_64	2553	9630
OTU_65	931	2113
OTU_66	3238	947
OTU_67	1542	623
OTU_68	468	166
OTU_69	1031	88
OTU_7	584	725
OTU_70	118	152
OTU_71	97	82
OTU_72	86	67
OTU_73	119	75
OTU_74	61	39
OTU_75	12	69
OTU_76	19	16
OTU_77	34	21
OTU_78	6323	1617
OTU_79	7268	854
OTU_8	152	174
OTU_80	113	93
OTU_81	5	46
OTU_82	10	13
OTU_83	487	49
OTU_84	3555	2610
OTU_85	43	101
OTU_86	43	52
OTU_87	48	66
OTU_88	43	60
OTU_89	30	39
OTU_9	389	591
OTU_90	45	32
OTU_91	177	41
OTU_92	2564	813
OTU_93	1064	258
OTU_94	78	98
OTU_95	1284	38
OTU_96	12	19
OTU_97	89	88
OTU_98	3	40
OTU_99	1462	459
